{"reward": [618.5691473910745, 1983.7625036797272, 771.2156787783248, 1432.8841632191654, 4381.528847780365, -675.3800676690993, 2389.9584040146297, 481.54478472191823, 3746.030219644086, 3190.625183467505, 1752.4791189295788, 1749.0249392660705, 4279.381932602983, 4412.907008761294, 1528.2428233884202, 3796.3395189093, 446.5992563418073, 2024.3662105720884, -218.99497632979225, 2428.874058200992, 442.8512756026525, 965.2469092500901, 1605.9886735979248, 136.14534704134908, 170.04143327260869, 1324.9786786511902, 2035.8833734601176, 1165.3560771831033, 1161.3785971789032, 1239.2703262116859, 316.86445292273226, 620.8286967957729, 3247.1367825295843, 1249.9819885401587, 1040.69110979957, 2779.8332837224975, 1134.6869468792302, 1060.4250098850289, 356.0979384786699, 4607.76530843379, 1449.0090806591256, 1901.8527675518635, 966.1833658431101, 3131.6026695638875, 3237.964362851995, 1648.9499654942294, 1417.5730709961442, 3146.448144297215, 104.14383351670409, 1104.6806413238112, 723.6588984515893, 1450.1056096286427, 3003.6548160921657, 3055.389582156867, 3428.149945109708, 754.4983683698491, 3851.027568477866, 2596.2320486971958, -629.3073644254964, 2714.815551432956, 1627.3225702921748, 869.4959724244283, 1482.9276205677043, 2859.003819258385, 1770.7743908519178, 1246.9530435238653, 2040.5440367357764, 582.635866034316, 3989.7340419103903, 1114.97832262419, 613.010556021441, 78.04084386145256, 2928.5278622552883, 2904.320537816988, 1673.9351605301142, 2630.0884297271496, 2341.1003063548064, 1144.4571015518568, 847.4888668991956, 1504.1175006487065, 170.03589029098515, 87.33471202455549, 241.2882877239409, 1825.5921070781817, 1777.2827889360415, 618.8546807766614, 1950.9336665632839, 723.1105519772746, 2388.4291651905287, 674.4380839230481, 191.15105897136743, 3161.0219246441643, 174.7863297570271, 1178.7616604681334, 1685.6871452198452, 1320.1978066497475, 237.84482471346956, 1643.4327860430292, 90.97134026214287, 1268.0164959834137], "pdr": [0.394, 0.574, 0.414, 0.502, 0.892, 0.222, 0.628, 0.376, 0.808, 0.734, 0.544, 0.544, 0.878, 0.896, 0.514, 0.814, 0.372, 0.58, 0.284, 0.634, 0.372, 0.44, 0.524, 0.33, 0.334, 0.488, 0.582, 0.466, 0.466, 0.476, 0.354, 0.394, 0.742, 0.478, 0.45, 0.68, 0.462, 0.452, 0.36, 0.922, 0.504, 0.564, 0.44, 0.726, 0.74, 0.53, 0.5, 0.728, 0.326, 0.458, 0.408, 0.504, 0.71, 0.718, 0.766, 0.412, 0.822, 0.656, 0.228, 0.672, 0.528, 0.428, 0.508, 0.69, 0.546, 0.478, 0.582, 0.39, 0.84, 0.46, 0.394, 0.322, 0.7, 0.696, 0.534, 0.66, 0.622, 0.464, 0.424, 0.512, 0.334, 0.324, 0.344, 0.554, 0.548, 0.394, 0.57, 0.408, 0.628, 0.402, 0.338, 0.73, 0.336, 0.468, 0.536, 0.488, 0.344, 0.53, 0.324, 0.48], "delay": [0.033606224895749534, 0.013610620767024682, 0.029177104400181515, 0.02286023263114464, 0.0032748343269437706, 0.06608138589684462, 0.011634706983073883, 0.03637025339915376, 0.006002203410785102, 0.007077406720021949, 0.017942796085333248, 0.02007364105501798, 0.0024009879237090366, 0.0028437402217708916, 0.01867154982797601, 0.00393179495172103, 0.04122511736073201, 0.01567032659984742, 0.06117949411898646, 0.014544072238180475, 0.044042269885343314, 0.028291115340704123, 0.016739172523044327, 0.04178682714742711, 0.03797475068081256, 0.025381806042641675, 0.017425475154436553, 0.023087817203641486, 0.025764812920808833, 0.023150575185535198, 0.03823600869284629, 0.03103122640666843, 0.008569026240452231, 0.025874500962011285, 0.027108644889844522, 0.010377523937503588, 0.023632149612056133, 0.024048650696839865, 0.04324183755925063, 0.00273827718677869, 0.02160896694617863, 0.01780537668109271, 0.02749235035656869, 0.006738747157178653, 0.006129239389195758, 0.017622706614660713, 0.022883858007710915, 0.006726450141188302, 0.04475817939661331, 0.023852311520061814, 0.03175515085394792, 0.02101069518126462, 0.0104791322645551, 0.014039579168708691, 0.0077807505095196525, 0.03064716415085091, 0.0058849531899437405, 0.012771267229885825, 0.06226914221709035, 0.013235786558099842, 0.021917480507243865, 0.03351408312049389, 0.019364920142314366, 0.008530696726977708, 0.01599012664483867, 0.027849281330826467, 0.015061792550212082, 0.03835675375816419, 0.004399950106678846, 0.026992776903934517, 0.03766356339735898, 0.041969429001701156, 0.010788768206732142, 0.008131411182489716, 0.020617676909899046, 0.010782682231591564, 0.013777642516389068, 0.027204522517552635, 0.027431917690576502, 0.024643553420494558, 0.03817098715273895, 0.04705335794890338, 0.04067358219784646, 0.01877778505743429, 0.02102593259846521, 0.03257695234349896, 0.015063742871432894, 0.032363843192954614, 0.01235005542909444, 0.035713721584457896, 0.0461655060018711, 0.006942568980594418, 0.04724306619932425, 0.02405628105099698, 0.02259860966446689, 0.028508592930845095, 0.04322725373991347, 0.021041913126360313, 0.04309771524029976, 0.02366355003455546], "energy": [5.444799999999734, 5.250499999999727, 5.398099999999735, 5.391799999999733, 5.086999999999722, 5.485199999999737, 5.228699999999727, 5.459599999999736, 5.156399999999723, 5.155599999999724, 5.3221999999997305, 5.369099999999732, 5.0421999999997205, 5.06889999999972, 5.315199999999731, 5.088199999999721, 5.535299999999738, 5.28989999999973, 5.613399999999741, 5.319099999999731, 5.584299999999741, 5.410099999999735, 5.279799999999728, 5.478299999999735, 5.420499999999733, 5.4156999999997355, 5.340499999999732, 5.348699999999732, 5.411299999999732, 5.370199999999731, 5.471999999999736, 5.407899999999733, 5.212099999999725, 5.431999999999735, 5.419199999999734, 5.237199999999728, 5.361899999999732, 5.339099999999733, 5.535699999999739, 5.070199999999721, 5.367999999999734, 5.33909999999973, 5.411399999999734, 5.136099999999724, 5.133999999999722, 5.30519999999973, 5.387699999999734, 5.149099999999724, 5.507299999999736, 5.356899999999732, 5.433699999999735, 5.349099999999733, 5.255099999999727, 5.367599999999731, 5.201799999999725, 5.4164999999997345, 5.151699999999725, 5.284799999999729, 5.489199999999736, 5.29179999999973, 5.393099999999733, 5.493199999999738, 5.315699999999731, 5.171199999999725, 5.27589999999973, 5.477699999999736, 5.282799999999729, 5.527099999999738, 5.112399999999721, 5.431099999999734, 5.515999999999738, 5.446899999999735, 5.265399999999727, 5.182399999999725, 5.373099999999733, 5.2308999999997265, 5.280599999999729, 5.433399999999734, 5.3925999999997325, 5.441299999999735, 5.427299999999734, 5.522399999999738, 5.462399999999736, 5.3590999999997315, 5.406899999999732, 5.437199999999735, 5.281599999999729, 5.449699999999735, 5.253299999999728, 5.485099999999738, 5.536899999999739, 5.152199999999724, 5.55579999999974, 5.369599999999732, 5.417999999999734, 5.491799999999737, 5.514699999999738, 5.389299999999732, 5.481299999999736, 5.376499999999734]}