{"reward": [-957.8670726295803, -196.51957646374757, -690.0120824601797, -671.7544622139926, -494.25178646263146, -631.8789602915207, -658.8471600574223, -1092.3101186316894, -660.4516268963647, -793.1833513578423, -1016.9164228929632, -882.0070910499146, -378.1361710506339, -407.9580277775665, -1002.9829112362406, -421.90673489377497, -448.9418048173145, -927.7236274580001, -987.809830952897, -466.09817377492493], "pdr": [0.052, 0.256, 0.124, 0.128, 0.176, 0.14, 0.132, 0.016, 0.132, 0.096, 0.036, 0.072, 0.208, 0.2, 0.04, 0.196, 0.188, 0.06, 0.044, 0.184], "delay": [0.038156639599242884, 0.01835606612302771, 0.02979165258354035, 0.009366597093634254, 0.017293027984448674, 0.034413718450294395, 0.021017576627612597, 0.1087648289611853, 0.029873134793404085, 0.02475731995504413, 0.040634605164628836, 0.020752529164295788, 0.02933818317917243, 0.029630277775664536, 0.05164556181202314, 0.025936070344642653, 0.014966008694834849, 0.034287581933340826, 0.04658322513168005, 0.024219280162225815], "energy": [2.5334999999998598, 2.569399999999862, 2.555299999999861, 2.5140999999998592, 2.54759999999986, 2.577399999999862, 2.5361999999998606, 2.5167999999998596, 2.559599999999861, 2.52989999999986, 2.5226999999998587, 2.521199999999859, 2.5936999999998624, 2.5938999999998624, 2.53499999999986, 2.579299999999862, 2.5406999999998603, 2.5278999999998595, 2.5336999999998593, 2.5693999999998614]}